OpenAL-devel,pkgconfig(openal)
PackageKit-Qt5-devel,pkgconfig(packagekitqt5)
PackageKit-glib-devel,pkgconfig(packagekit-glib2)
SDL2-devel,pkgconfig(sdl2)
SDL2_gfx-devel,pkgconfig(SDL2_gfx)
SDL2_image-devel,pkgconfig(SDL2_image)
SDL2_mixer-devel,pkgconfig(SDL2_mixer)
SDL2_ttf-devel,pkgconfig(SDL2_ttf)
abseil-cpp-devel,pkgconfig(absl_absl_check)
abseil-cpp-devel,pkgconfig(absl_absl_log)
abseil-cpp-devel,pkgconfig(absl_algorithm)
abseil-cpp-devel,pkgconfig(absl_algorithm_container)
abseil-cpp-devel,pkgconfig(absl_any)
abseil-cpp-devel,pkgconfig(absl_any_invocable)
abseil-cpp-devel,pkgconfig(absl_atomic_hook)
abseil-cpp-devel,pkgconfig(absl_bad_any_cast)
abseil-cpp-devel,pkgconfig(absl_bad_any_cast_impl)
abseil-cpp-devel,pkgconfig(absl_bad_optional_access)
abseil-cpp-devel,pkgconfig(absl_bad_variant_access)
abseil-cpp-devel,pkgconfig(absl_base)
abseil-cpp-devel,pkgconfig(absl_base_internal)
abseil-cpp-devel,pkgconfig(absl_bind_front)
abseil-cpp-devel,pkgconfig(absl_bits)
abseil-cpp-devel,pkgconfig(absl_btree)
abseil-cpp-devel,pkgconfig(absl_check)
abseil-cpp-devel,pkgconfig(absl_city)
abseil-cpp-devel,pkgconfig(absl_civil_time)
abseil-cpp-devel,pkgconfig(absl_cleanup)
abseil-cpp-devel,pkgconfig(absl_cleanup_internal)
abseil-cpp-devel,pkgconfig(absl_common_policy_traits)
abseil-cpp-devel,pkgconfig(absl_compare)
abseil-cpp-devel,pkgconfig(absl_compressed_tuple)
abseil-cpp-devel,pkgconfig(absl_config)
abseil-cpp-devel,pkgconfig(absl_container_common)
abseil-cpp-devel,pkgconfig(absl_container_memory)
abseil-cpp-devel,pkgconfig(absl_cord)
abseil-cpp-devel,pkgconfig(absl_cord_internal)
abseil-cpp-devel,pkgconfig(absl_cordz_functions)
abseil-cpp-devel,pkgconfig(absl_cordz_handle)
abseil-cpp-devel,pkgconfig(absl_cordz_info)
abseil-cpp-devel,pkgconfig(absl_cordz_sample_token)
abseil-cpp-devel,pkgconfig(absl_cordz_statistics)
abseil-cpp-devel,pkgconfig(absl_cordz_update_scope)
abseil-cpp-devel,pkgconfig(absl_cordz_update_tracker)
abseil-cpp-devel,pkgconfig(absl_core_headers)
abseil-cpp-devel,pkgconfig(absl_counting_allocator)
abseil-cpp-devel,pkgconfig(absl_crc32c)
abseil-cpp-devel,pkgconfig(absl_crc_cord_state)
abseil-cpp-devel,pkgconfig(absl_crc_cpu_detect)
abseil-cpp-devel,pkgconfig(absl_crc_internal)
abseil-cpp-devel,pkgconfig(absl_debugging)
abseil-cpp-devel,pkgconfig(absl_debugging_internal)
abseil-cpp-devel,pkgconfig(absl_demangle_internal)
abseil-cpp-devel,pkgconfig(absl_die_if_null)
abseil-cpp-devel,pkgconfig(absl_dynamic_annotations)
abseil-cpp-devel,pkgconfig(absl_endian)
abseil-cpp-devel,pkgconfig(absl_errno_saver)
abseil-cpp-devel,pkgconfig(absl_examine_stack)
abseil-cpp-devel,pkgconfig(absl_exponential_biased)
abseil-cpp-devel,pkgconfig(absl_failure_signal_handler)
abseil-cpp-devel,pkgconfig(absl_fast_type_id)
abseil-cpp-devel,pkgconfig(absl_fixed_array)
abseil-cpp-devel,pkgconfig(absl_flags)
abseil-cpp-devel,pkgconfig(absl_flags_commandlineflag)
abseil-cpp-devel,pkgconfig(absl_flags_commandlineflag_internal)
abseil-cpp-devel,pkgconfig(absl_flags_config)
abseil-cpp-devel,pkgconfig(absl_flags_internal)
abseil-cpp-devel,pkgconfig(absl_flags_marshalling)
abseil-cpp-devel,pkgconfig(absl_flags_parse)
abseil-cpp-devel,pkgconfig(absl_flags_path_util)
abseil-cpp-devel,pkgconfig(absl_flags_private_handle_accessor)
abseil-cpp-devel,pkgconfig(absl_flags_program_name)
abseil-cpp-devel,pkgconfig(absl_flags_reflection)
abseil-cpp-devel,pkgconfig(absl_flags_usage)
abseil-cpp-devel,pkgconfig(absl_flags_usage_internal)
abseil-cpp-devel,pkgconfig(absl_flat_hash_map)
abseil-cpp-devel,pkgconfig(absl_flat_hash_set)
abseil-cpp-devel,pkgconfig(absl_function_ref)
abseil-cpp-devel,pkgconfig(absl_graphcycles_internal)
abseil-cpp-devel,pkgconfig(absl_hash)
abseil-cpp-devel,pkgconfig(absl_hash_function_defaults)
abseil-cpp-devel,pkgconfig(absl_hash_policy_traits)
abseil-cpp-devel,pkgconfig(absl_hashtable_debug)
abseil-cpp-devel,pkgconfig(absl_hashtable_debug_hooks)
abseil-cpp-devel,pkgconfig(absl_hashtablez_sampler)
abseil-cpp-devel,pkgconfig(absl_if_constexpr)
abseil-cpp-devel,pkgconfig(absl_inlined_vector)
abseil-cpp-devel,pkgconfig(absl_inlined_vector_internal)
abseil-cpp-devel,pkgconfig(absl_int128)
abseil-cpp-devel,pkgconfig(absl_kernel_timeout_internal)
abseil-cpp-devel,pkgconfig(absl_layout)
abseil-cpp-devel,pkgconfig(absl_leak_check)
abseil-cpp-devel,pkgconfig(absl_log)
abseil-cpp-devel,pkgconfig(absl_log_entry)
abseil-cpp-devel,pkgconfig(absl_log_flags)
abseil-cpp-devel,pkgconfig(absl_log_globals)
abseil-cpp-devel,pkgconfig(absl_log_initialize)
abseil-cpp-devel,pkgconfig(absl_log_internal_append_truncated)
abseil-cpp-devel,pkgconfig(absl_log_internal_check_impl)
abseil-cpp-devel,pkgconfig(absl_log_internal_check_op)
abseil-cpp-devel,pkgconfig(absl_log_internal_conditions)
abseil-cpp-devel,pkgconfig(absl_log_internal_config)
abseil-cpp-devel,pkgconfig(absl_log_internal_flags)
abseil-cpp-devel,pkgconfig(absl_log_internal_format)
abseil-cpp-devel,pkgconfig(absl_log_internal_globals)
abseil-cpp-devel,pkgconfig(absl_log_internal_log_impl)
abseil-cpp-devel,pkgconfig(absl_log_internal_log_sink_set)
abseil-cpp-devel,pkgconfig(absl_log_internal_message)
abseil-cpp-devel,pkgconfig(absl_log_internal_nullguard)
abseil-cpp-devel,pkgconfig(absl_log_internal_nullstream)
abseil-cpp-devel,pkgconfig(absl_log_internal_proto)
abseil-cpp-devel,pkgconfig(absl_log_internal_strip)
abseil-cpp-devel,pkgconfig(absl_log_internal_structured)
abseil-cpp-devel,pkgconfig(absl_log_internal_voidify)
abseil-cpp-devel,pkgconfig(absl_log_severity)
abseil-cpp-devel,pkgconfig(absl_log_sink)
abseil-cpp-devel,pkgconfig(absl_log_sink_registry)
abseil-cpp-devel,pkgconfig(absl_log_streamer)
abseil-cpp-devel,pkgconfig(absl_log_structured)
abseil-cpp-devel,pkgconfig(absl_low_level_hash)
abseil-cpp-devel,pkgconfig(absl_malloc_internal)
abseil-cpp-devel,pkgconfig(absl_memory)
abseil-cpp-devel,pkgconfig(absl_meta)
abseil-cpp-devel,pkgconfig(absl_node_hash_map)
abseil-cpp-devel,pkgconfig(absl_node_hash_set)
abseil-cpp-devel,pkgconfig(absl_node_slot_policy)
abseil-cpp-devel,pkgconfig(absl_non_temporal_arm_intrinsics)
abseil-cpp-devel,pkgconfig(absl_non_temporal_memcpy)
abseil-cpp-devel,pkgconfig(absl_nullability)
abseil-cpp-devel,pkgconfig(absl_numeric)
abseil-cpp-devel,pkgconfig(absl_numeric_representation)
abseil-cpp-devel,pkgconfig(absl_optional)
abseil-cpp-devel,pkgconfig(absl_periodic_sampler)
abseil-cpp-devel,pkgconfig(absl_prefetch)
abseil-cpp-devel,pkgconfig(absl_pretty_function)
abseil-cpp-devel,pkgconfig(absl_random_bit_gen_ref)
abseil-cpp-devel,pkgconfig(absl_random_distributions)
abseil-cpp-devel,pkgconfig(absl_random_internal_distribution_caller)
abseil-cpp-devel,pkgconfig(absl_random_internal_distribution_test_util)
abseil-cpp-devel,pkgconfig(absl_random_internal_fast_uniform_bits)
abseil-cpp-devel,pkgconfig(absl_random_internal_fastmath)
abseil-cpp-devel,pkgconfig(absl_random_internal_generate_real)
abseil-cpp-devel,pkgconfig(absl_random_internal_iostream_state_saver)
abseil-cpp-devel,pkgconfig(absl_random_internal_mock_helpers)
abseil-cpp-devel,pkgconfig(absl_random_internal_nonsecure_base)
abseil-cpp-devel,pkgconfig(absl_random_internal_pcg_engine)
abseil-cpp-devel,pkgconfig(absl_random_internal_platform)
abseil-cpp-devel,pkgconfig(absl_random_internal_pool_urbg)
abseil-cpp-devel,pkgconfig(absl_random_internal_randen)
abseil-cpp-devel,pkgconfig(absl_random_internal_randen_engine)
abseil-cpp-devel,pkgconfig(absl_random_internal_randen_hwaes)
abseil-cpp-devel,pkgconfig(absl_random_internal_randen_hwaes_impl)
abseil-cpp-devel,pkgconfig(absl_random_internal_randen_slow)
abseil-cpp-devel,pkgconfig(absl_random_internal_salted_seed_seq)
abseil-cpp-devel,pkgconfig(absl_random_internal_seed_material)
abseil-cpp-devel,pkgconfig(absl_random_internal_traits)
abseil-cpp-devel,pkgconfig(absl_random_internal_uniform_helper)
abseil-cpp-devel,pkgconfig(absl_random_internal_wide_multiply)
abseil-cpp-devel,pkgconfig(absl_random_random)
abseil-cpp-devel,pkgconfig(absl_random_seed_gen_exception)
abseil-cpp-devel,pkgconfig(absl_random_seed_sequences)
abseil-cpp-devel,pkgconfig(absl_raw_hash_map)
abseil-cpp-devel,pkgconfig(absl_raw_hash_set)
abseil-cpp-devel,pkgconfig(absl_raw_logging_internal)
abseil-cpp-devel,pkgconfig(absl_sample_recorder)
abseil-cpp-devel,pkgconfig(absl_scoped_set_env)
abseil-cpp-devel,pkgconfig(absl_span)
abseil-cpp-devel,pkgconfig(absl_spinlock_wait)
abseil-cpp-devel,pkgconfig(absl_stacktrace)
abseil-cpp-devel,pkgconfig(absl_status)
abseil-cpp-devel,pkgconfig(absl_statusor)
abseil-cpp-devel,pkgconfig(absl_str_format)
abseil-cpp-devel,pkgconfig(absl_str_format_internal)
abseil-cpp-devel,pkgconfig(absl_strerror)
abseil-cpp-devel,pkgconfig(absl_string_view)
abseil-cpp-devel,pkgconfig(absl_strings)
abseil-cpp-devel,pkgconfig(absl_strings_internal)
abseil-cpp-devel,pkgconfig(absl_symbolize)
abseil-cpp-devel,pkgconfig(absl_synchronization)
abseil-cpp-devel,pkgconfig(absl_throw_delegate)
abseil-cpp-devel,pkgconfig(absl_time)
abseil-cpp-devel,pkgconfig(absl_time_zone)
abseil-cpp-devel,pkgconfig(absl_type_traits)
abseil-cpp-devel,pkgconfig(absl_utility)
abseil-cpp-devel,pkgconfig(absl_variant)
alsa-lib-devel,pkgconfig(alsa)
alsa-lib-devel,pkgconfig(alsa-topology)
amber-mpris-devel,pkgconfig(ambermpris)
aspell-devel,pkgconfig(aspell)
audit-libs-devel,pkgconfig(audit)
audit-libs-devel,pkgconfig(auparse)
augeas-devel,pkgconfig(augeas)
bluez5-libs-devel,pkgconfig(bluez)
btrfs-progs-devel,pkgconfig(libbtrfsutil)
buteo-sync-plugins-qt5-devel,pkgconfig(syncmlcommon5)
buteo-syncfw-qt5-devel,pkgconfig(buteosyncfw5)
buteo-syncml-qt5-devel,pkgconfig(buteosyncml5)
c-ares-devel,pkgconfig(libcares)
cairo-devel,pkgconfig(cairo)
cairo-devel,pkgconfig(cairo-fc)
cairo-devel,pkgconfig(cairo-ft)
cairo-devel,pkgconfig(cairo-gobject)
cairo-devel,pkgconfig(cairo-pdf)
cairo-devel,pkgconfig(cairo-png)
cairo-devel,pkgconfig(cairo-ps)
cairo-devel,pkgconfig(cairo-script)
cairo-devel,pkgconfig(cairo-script-interpreter)
cairo-devel,pkgconfig(cairo-svg)
cairo-gobject-devel,pkgconfig(cairo-gobject)
check-devel,pkgconfig(check)
connman-devel,pkgconfig(connman)
connman-qt5-devel,pkgconfig(connman-qt5)
contactsd-devel,pkgconfig(contactsd-1.0)
createrepo_c-devel,pkgconfig(createrepo_c)
cryptsetup-devel,pkgconfig(libcryptsetup)
cups-devel,pkgconfig(cups)
dbus-devel,pkgconfig(dbus-1)
dbus-glib-devel,pkgconfig(dbus-glib-1)
dbus-python3-devel,pkgconfig(dbus-python)
dconf-devel,pkgconfig(dconf)
device-mapper-devel,pkgconfig(devmapper)
device-mapper-event-devel,pkgconfig(devmapper-event)
dsme-plugin-devel,pkgconfig(dsme-plugin)
duktape-devel,pkgconfig(duktape)
e2fsprogs-devel,pkgconfig(e2p)
e2fsprogs-devel,pkgconfig(ext2fs)
elfutils-devel,pkgconfig(libdw)
elfutils-libelf-devel,pkgconfig(libelf)
exempi-devel,pkgconfig(exempi-2.0)
expat-devel,pkgconfig(expat)
farstream-devel,pkgconfig(farstream-0.2)
ffmpeg-devel,pkgconfig(libavcodec)
ffmpeg-devel,pkgconfig(libavdevice)
ffmpeg-devel,pkgconfig(libavfilter)
ffmpeg-devel,pkgconfig(libavformat)
ffmpeg-devel,pkgconfig(libavutil)
ffmpeg-devel,pkgconfig(libswresample)
ffmpeg-devel,pkgconfig(libswscale)
file-devel,pkgconfig(libmagic)
flac-devel,pkgconfig(flac)
flac-devel,pkgconfig(flac++)
fontconfig-devel,pkgconfig(fontconfig)
freetype-devel,pkgconfig(freetype2)
fribidi-devel,pkgconfig(fribidi)
fuse-devel,pkgconfig(fuse)
fuse3-devel,pkgconfig(fuse3)
gdk-pixbuf-devel,pkgconfig(gdk-pixbuf-2.0)
gecko-camera-devel,pkgconfig(geckocamera)
geoclue-devel,pkgconfig(geoclue)
glib2-devel,pkgconfig(gio-2.0)
glib2-devel,pkgconfig(gio-unix-2.0)
glib2-devel,pkgconfig(glib-2.0)
glib2-devel,pkgconfig(gmodule-2.0)
glib2-devel,pkgconfig(gmodule-export-2.0)
glib2-devel,pkgconfig(gmodule-no-export-2.0)
glib2-devel,pkgconfig(gobject-2.0)
glib2-devel,pkgconfig(gthread-2.0)
glslang-devel,pkgconfig(glslang)
glslang-devel,pkgconfig(spirv)
gmime-devel,pkgconfig(gmime-3.0)
gmock-devel,pkgconfig(gmock)
gmock-devel,pkgconfig(gmock_main)
gmp-devel,pkgconfig(gmp)
gmp-devel,pkgconfig(gmpxx)
gnutls-devel,pkgconfig(gnutls)
gobject-introspection-devel,pkgconfig(gobject-introspection-1.0)
gobject-introspection-devel,pkgconfig(gobject-introspection-no-export-1.0)
graphite2-devel,pkgconfig(graphite2)
grilo-devel,pkgconfig(grilo-0.3)
grilo-devel,pkgconfig(grilo-net-0.3)
grilo-devel,pkgconfig(grilo-pls-0.3)
grilo-qt5-devel,pkgconfig(grilo-qt5)
gssdp-devel,pkgconfig(gssdp-1.6)
gstreamer1.0-devel,pkgconfig(gstreamer-1.0)
gstreamer1.0-devel,pkgconfig(gstreamer-base-1.0)
gstreamer1.0-devel,pkgconfig(gstreamer-check-1.0)
gstreamer1.0-devel,pkgconfig(gstreamer-controller-1.0)
gstreamer1.0-devel,pkgconfig(gstreamer-net-1.0)
gstreamer1.0-plugins-bad-devel,pkgconfig(gstreamer-analytics-1.0)
gstreamer1.0-plugins-bad-devel,pkgconfig(gstreamer-bad-audio-1.0)
gstreamer1.0-plugins-bad-devel,pkgconfig(gstreamer-codecparsers-1.0)
gstreamer1.0-plugins-bad-devel,pkgconfig(gstreamer-cuda-1.0)
gstreamer1.0-plugins-bad-devel,pkgconfig(gstreamer-insertbin-1.0)
gstreamer1.0-plugins-bad-devel,pkgconfig(gstreamer-mpegts-1.0)
gstreamer1.0-plugins-bad-devel,pkgconfig(gstreamer-mse-1.0)
gstreamer1.0-plugins-bad-devel,pkgconfig(gstreamer-photography-1.0)
gstreamer1.0-plugins-bad-devel,pkgconfig(gstreamer-play-1.0)
gstreamer1.0-plugins-bad-devel,pkgconfig(gstreamer-player-1.0)
gstreamer1.0-plugins-bad-devel,pkgconfig(gstreamer-plugins-bad-1.0)
gstreamer1.0-plugins-bad-devel,pkgconfig(gstreamer-sctp-1.0)
gstreamer1.0-plugins-bad-devel,pkgconfig(gstreamer-transcoder-1.0)
gstreamer1.0-plugins-bad-devel,pkgconfig(gstreamer-wayland-1.0)
gstreamer1.0-plugins-bad-devel,pkgconfig(gstreamer-webrtc-1.0)
gstreamer1.0-plugins-bad-devel,pkgconfig(gstreamer-webrtc-nice-1.0)
gstreamer1.0-plugins-base-devel,pkgconfig(gstreamer-allocators-1.0)
gstreamer1.0-plugins-base-devel,pkgconfig(gstreamer-app-1.0)
gstreamer1.0-plugins-base-devel,pkgconfig(gstreamer-audio-1.0)
gstreamer1.0-plugins-base-devel,pkgconfig(gstreamer-fft-1.0)
gstreamer1.0-plugins-base-devel,pkgconfig(gstreamer-gl-1.0)
gstreamer1.0-plugins-base-devel,pkgconfig(gstreamer-gl-egl-1.0)
gstreamer1.0-plugins-base-devel,pkgconfig(gstreamer-gl-prototypes-1.0)
gstreamer1.0-plugins-base-devel,pkgconfig(gstreamer-gl-wayland-1.0)
gstreamer1.0-plugins-base-devel,pkgconfig(gstreamer-pbutils-1.0)
gstreamer1.0-plugins-base-devel,pkgconfig(gstreamer-plugins-base-1.0)
gstreamer1.0-plugins-base-devel,pkgconfig(gstreamer-riff-1.0)
gstreamer1.0-plugins-base-devel,pkgconfig(gstreamer-rtp-1.0)
gstreamer1.0-plugins-base-devel,pkgconfig(gstreamer-rtsp-1.0)
gstreamer1.0-plugins-base-devel,pkgconfig(gstreamer-sdp-1.0)
gstreamer1.0-plugins-base-devel,pkgconfig(gstreamer-tag-1.0)
gstreamer1.0-plugins-base-devel,pkgconfig(gstreamer-video-1.0)
gtest-devel,pkgconfig(gtest)
gtest-devel,pkgconfig(gtest_main)
gupnp-av-devel,pkgconfig(gupnp-av-1.0)
gupnp-devel,pkgconfig(gupnp-1.6)
gupnp-dlna-devel,pkgconfig(gupnp-dlna-2.0)
gupnp-dlna-devel,pkgconfig(gupnp-dlna-gst-2.0)
gupnp-dlna-devel,pkgconfig(gupnp-dlna-metadata-2.0)
harfbuzz-devel,pkgconfig(harfbuzz)
harfbuzz-devel,pkgconfig(harfbuzz-cairo)
harfbuzz-devel,pkgconfig(harfbuzz-icu)
harfbuzz-devel,pkgconfig(harfbuzz-subset)
hunspell-devel,pkgconfig(hunspell)
hwdata-devel,pkgconfig(hwdata)
iptables-devel,pkgconfig(libip4tc)
iptables-devel,pkgconfig(libip6tc)
iptables-devel,pkgconfig(libiptc)
iptables-devel,pkgconfig(xtables)
iso-codes-devel,pkgconfig(iso-codes)
json-c-devel,pkgconfig(json-c)
json-glib-devel,pkgconfig(json-glib-1.0)
kf5-calendarcore-devel,pkgconfig(KF5CalendarCore)
kf5bluezqt-bluez5-devel,pkgconfig(KF5BluezQt)
kmod-devel,pkgconfig(libkmod)
libaccounts-glib-devel,pkgconfig(libaccounts-glib)
libaccounts-qt5-devel,pkgconfig(accounts-qt5)
libacl-devel,pkgconfig(libacl)
libamberwebauthorization-devel,pkgconfig(amberwebauthorization)
libarchive-devel,pkgconfig(libarchive)
libasyncns-devel,pkgconfig(libasyncns)
libatomic_ops-devel,pkgconfig(atomic_ops)
libattr-devel,pkgconfig(libattr)
libaudioresource-devel,pkgconfig(audioresource)
libaudioresource-qt-devel,pkgconfig(audioresource-qt)
libblkid-devel,pkgconfig(blkid)
libblockdev-devel,pkgconfig(blockdev)
libblockdev-utils-devel,pkgconfig(blockdev-utils)
libcanberra-devel,pkgconfig(libcanberra)
libcap-devel,pkgconfig(libcap)
libcap-devel,pkgconfig(libpsx)
libcap-ng-devel,pkgconfig(libcap-ng)
libcom_err-devel,pkgconfig(com_err)
libcommhistory-qt5-devel,pkgconfig(commhistory-qt5)
libcontentaction-qt5-devel,pkgconfig(contentaction5)
libcroco-devel,pkgconfig(libcroco-0.6)
libcurl-devel,pkgconfig(libcurl)
libdbus-qeventloop-qt5-devel,pkgconfig(libdbus-qeventloop5)
libdbusaccess-devel,pkgconfig(libdbusaccess)
libdbuslogserver-dbus-devel,pkgconfig(libdbuslogserver-dbus)
libdbuslogserver-gio-devel,pkgconfig(libdbuslogserver-gio)
libdres-devel,pkgconfig(libdres)
libdrm-devel,pkgconfig(libdrm)
libdrm-devel,pkgconfig(libdrm_amdgpu)
libdrm-devel,pkgconfig(libdrm_nouveau)
libdrm-devel,pkgconfig(libdrm_radeon)
libdsme-devel,pkgconfig(dsme)
libdsme-devel,pkgconfig(dsme_dbus_if)
libdsme-devel,pkgconfig(thermalmanager_dbus_if)
libedit-devel,pkgconfig(libedit)
libeigen3-devel,pkgconfig(eigen3)
libexif-devel,pkgconfig(libexif)
libfdisk-devel,pkgconfig(fdisk)
libffi-devel,pkgconfig(libffi)
libgcrypt-devel,pkgconfig(libgcrypt)
libgee-devel,pkgconfig(gee-0.8)
libglibutil-devel,pkgconfig(libglibutil)
libgofono-devel,pkgconfig(libgofono)
libgofonoext-devel,pkgconfig(libgofonoext)
libgpg-error-devel,pkgconfig(gpg-error)
libgps-devel,pkgconfig(libgps)
libgrilio-devel,pkgconfig(libgrilio)
libgsf-devel,pkgconfig(libgsf-1)
libgsupplicant-devel,pkgconfig(libgsupplicant)
libgudev-devel,pkgconfig(gudev-1.0)
libical-devel,pkgconfig(libical)
libical-glib-devel,pkgconfig(libical-glib)
libicu-devel,pkgconfig(icu-i18n)
libicu-devel,pkgconfig(icu-io)
libicu-devel,pkgconfig(icu-uc)
libid3tag-devel,pkgconfig(id3tag)
libiphb-devel,pkgconfig(libiphb)
libiptcdata-devel,pkgconfig(libiptcdata)
libjpeg-turbo-devel,pkgconfig(libjpeg)
libjpeg-turbo-devel,pkgconfig(libturbojpeg)
libkeepalive-devel,pkgconfig(keepalive)
libkeepalive-glib-devel,pkgconfig(keepalive-glib)
libkf5archive-devel,pkgconfig(KF5Archive)
libksba-devel,pkgconfig(ksba)
libmce-glib-devel,pkgconfig(libmce-glib)
libmce-qt5-devel,pkgconfig(mce-qt5)
libmediaart-devel,pkgconfig(libmediaart-2.0)
libmediaoverridesqt5-devel,pkgconfig(libmediaoverridesqt5)
libmlocale-qt5-devel,pkgconfig(mlocale5)
libmng-devel,pkgconfig(libmng)
libmnl-devel,pkgconfig(libmnl)
libmount-devel,pkgconfig(mount)
libnemotransferengine-qt5-devel,pkgconfig(nemotransferengine-qt5)
libnfcdef-devel,pkgconfig(libnfcdef)
libngf-devel,pkgconfig(libngf0)
libngf-qt5-devel,pkgconfig(ngf-qt5)
libnghttp2-devel,pkgconfig(libnghttp2)
libnice-devel,pkgconfig(nice)
libnl-devel,pkgconfig(libnl-3.0)
libnl-devel,pkgconfig(libnl-cli-3.0)
libnl-devel,pkgconfig(libnl-genl-3.0)
libnl-devel,pkgconfig(libnl-idiag-3.0)
libnl-devel,pkgconfig(libnl-nf-3.0)
libnl-devel,pkgconfig(libnl-route-3.0)
libnl-devel,pkgconfig(libnl-xfrm-3.0)
liboauth-devel,pkgconfig(oauth)
libogg-devel,pkgconfig(ogg)
libpcap-devel,pkgconfig(libpcap)
libpciaccess-devel,pkgconfig(pciaccess)
libpng-devel,pkgconfig(libpng)
libpng-devel,pkgconfig(libpng16)
libpolkit-qt-1-devel,pkgconfig(polkit-qt-1)
libpolkit-qt-1-devel,pkgconfig(polkit-qt-agent-1)
libpolkit-qt-1-devel,pkgconfig(polkit-qt-core-1)
libprolog-devel,pkgconfig(libprolog)
libpsl-devel,pkgconfig(libpsl)
libqofono-qt5-devel,pkgconfig(qofono-qt5)
libqofonoext-devel,pkgconfig(qofonoext)
libqt5sparql-devel,pkgconfig(Qt5Sparql)
libquillmetadata-qt5-devel,pkgconfig(quillmetadata-qt5)
libresource-devel,pkgconfig(libresource)
libresource-devel,pkgconfig(libresource-glib)
libresourceqt-qt5-devel,pkgconfig(libresourceqt5)
librest-devel,pkgconfig(rest-0.7)
librest-devel,pkgconfig(rest-extras-0.7)
librsvg-devel,pkgconfig(librsvg-2.0)
libsailfishapp-devel,pkgconfig(sailfishapp)
libsailfishcrypto-devel,pkgconfig(sailfishcrypto)
libsailfishcryptopluginapi-devel,pkgconfig(sailfishcryptopluginapi)
libsailfishkeyprovider-devel,pkgconfig(libsailfishkeyprovider)
libsailfishsecrets-devel,pkgconfig(sailfishsecrets)
libsailfishsecretscrypto-devel,pkgconfig(sailfishsecretscrypto)
libsailfishsecretspluginapi-devel,pkgconfig(sailfishsecretspluginapi)
libsbc-devel,pkgconfig(sbc)
libseccomp-devel,pkgconfig(libseccomp)
libselinux-devel,pkgconfig(libselinux)
libsemanage-devel,pkgconfig(libsemanage)
libsepol-devel,pkgconfig(libsepol)
libshadowutils-devel,pkgconfig(libshadowutils)
libsigc++20-devel,pkgconfig(sigc++-2.0)
libsignon-glib-devel,pkgconfig(libsignon-glib)
libsignon-qt5-devel,pkgconfig(libsignon-qt5)
libsmartcols-devel,pkgconfig(smartcols)
libsndfile-devel,pkgconfig(sndfile)
libsocialcache-devel,pkgconfig(socialcache)
libsolv-devel,pkgconfig(libsolv)
libsolv-devel,pkgconfig(libsolvext)
libsoup-devel,pkgconfig(libsoup-2.4)
libsoup3-devel,pkgconfig(libsoup-3.0)
libsrtp-devel,pkgconfig(libsrtp2)
libss-devel,pkgconfig(ss)
libsystrace-devel,pkgconfig(systrace)
libtasn1-devel,pkgconfig(libtasn1)
libtheora-devel,pkgconfig(theora)
libtheora-devel,pkgconfig(theoradec)
libtheora-devel,pkgconfig(theoraenc)
libtiff-devel,pkgconfig(libtiff-4)
libtrace-devel,pkgconfig(libsimple-trace)
libudisks2-devel,pkgconfig(udisks2)
libusb-devel,pkgconfig(libusb)
libusb-moded-qt5-devel,pkgconfig(usb-moded-qt5)
libusb1-devel,pkgconfig(libusb-1.0)
libuser-devel,pkgconfig(libuser)
libustr-devel,pkgconfig(ustr)
libuuid-devel,pkgconfig(uuid)
libvncserver-devel,pkgconfig(libvncclient)
libvncserver-devel,pkgconfig(libvncserver)
libvorbis-devel,pkgconfig(vorbis)
libvorbis-devel,pkgconfig(vorbisenc)
libvorbis-devel,pkgconfig(vorbisfile)
libvpx-devel,pkgconfig(vpx)
libwbxml2-devel,pkgconfig(libwbxml2)
libwebp-devel,pkgconfig(libsharpyuv)
libwebp-devel,pkgconfig(libwebp)
libwebp-devel,pkgconfig(libwebpdecoder)
libwebp-devel,pkgconfig(libwebpdemux)
libwebp-devel,pkgconfig(libwebpmux)
libwspcodec-devel,pkgconfig(libwspcodec)
libxcrypt-devel,pkgconfig(libcrypt)
libxcrypt-devel,pkgconfig(libxcrypt)
libxkbcommon-devel,pkgconfig(xkbcommon)
libxml2-devel,pkgconfig(libxml-2.0)
libxslt-devel,pkgconfig(libexslt)
libxslt-devel,pkgconfig(libxslt)
libyaml-devel,pkgconfig(yaml-0.1)
libzstd-devel,pkgconfig(libzstd)
libzypp-devel,pkgconfig(libzypp)
lipstick-qt5-devel,pkgconfig(lipstick-qt5)
lksctp-tools-devel,pkgconfig(libsctp)
lua-devel,pkgconfig(lua)
lvm2-devel,pkgconfig(lvm2app)
lxc-devel,pkgconfig(lxc)
lz4-devel,pkgconfig(liblz4)
lzo-devel,pkgconfig(lzo2)
maliit-framework-wayland-devel,pkgconfig(maliit-framework)
maliit-framework-wayland-devel,pkgconfig(maliit-glib)
maliit-framework-wayland-devel,pkgconfig(maliit-plugins)
maliit-framework-wayland-devel,pkgconfig(maliit-server)
mapplauncherd-devel,pkgconfig(applauncherd)
mapplauncherd-qt5-devel,pkgconfig(qdeclarative5-boostable)
mapplauncherd-qt5-devel,pkgconfig(qt5-boostable)
mesa-llvmpipe-dri-drivers-devel,pkgconfig(dri)
mesa-llvmpipe-libEGL-devel,pkgconfig(egl)
mesa-llvmpipe-libGLESv1-devel,pkgconfig(glesv1_cm)
mesa-llvmpipe-libGLESv2-devel,pkgconfig(glesv2)
mesa-llvmpipe-libgbm-devel,pkgconfig(gbm)
minizip-devel,pkgconfig(minizip)
minui-devel,pkgconfig(minui)
mkcal-qt5-devel,pkgconfig(libmkcal-qt5)
mlite-qt5-devel,pkgconfig(mlite5)
mobile-broadband-provider-info-devel,pkgconfig(mobile-broadband-provider-info)
mpfr-devel,pkgconfig(mpfr)
mpg123-devel,pkgconfig(libmpg123)
mpg123-devel,pkgconfig(libout123)
mpg123-devel,pkgconfig(libsyn123)
mpris-qt5-devel,pkgconfig(mpris-qt5)
mtdev-devel,pkgconfig(mtdev)
ncurses-devel,pkgconfig(form)
ncurses-devel,pkgconfig(formw)
ncurses-devel,pkgconfig(menu)
ncurses-devel,pkgconfig(menuw)
ncurses-devel,pkgconfig(ncurses)
ncurses-devel,pkgconfig(ncursesw)
ncurses-devel,pkgconfig(panel)
ncurses-devel,pkgconfig(panelw)
ncurses-devel,pkgconfig(tic)
ncurses-devel,pkgconfig(tinfo)
nemo-gstreamer1.0-interfaces-devel,pkgconfig(nemo-gstreamer-interfaces-1.0)
nemo-gstreamer1.0-interfaces-devel,pkgconfig(nemo-gstreamer-meta-1.0)
nemo-qml-plugin-connectivity-devel,pkgconfig(nemoconnectivity)
nemo-qml-plugin-contacts-qt5-devel,pkgconfig(contactcache-qt5)
nemo-qml-plugin-dbus-qt5-devel,pkgconfig(nemodbus)
nemo-qml-plugin-devicelock-devel,pkgconfig(nemodevicelock)
nemo-qml-plugin-email-qt5-devel,pkgconfig(nemoemail-qt5)
nemo-qml-plugin-filemanager-devel,pkgconfig(filemanager)
nemo-qml-plugin-models-qt5-devel,pkgconfig(nemomodels-qt5)
nemo-qml-plugin-notifications-qt5-devel,pkgconfig(nemonotifications-qt5)
nemo-qml-plugin-systemsettings-devel,pkgconfig(systemsettings)
nemo-qml-plugin-thumbnailer-qt5-devel,pkgconfig(nemothumbnailer-qt5)
nfcd-plugin-devel,pkgconfig(nfcd-plugin)
ngfd-plugin-devel,pkgconfig(ngf-plugin)
nspr-devel,pkgconfig(nspr)
nss-devel,pkgconfig(nss)
nss-devel,pkgconfig(nss-util)
nss-softokn-devel,pkgconfig(nss-softokn)
nss-util-devel,pkgconfig(nss-util)
ofono-devel,pkgconfig(ofono)
ohm-devel,pkgconfig(libohmfact)
ohm-devel,pkgconfig(libohmplugin)
ohm-plugin-mdm-devel,pkgconfig(ohm-ext-mdm)
ohm-plugin-route-devel,pkgconfig(ohm-ext-route)
openconnect-devel,pkgconfig(openconnect)
openjpeg-devel,pkgconfig(libopenjp2)
openobex-devel,pkgconfig(openobex)
openssl-devel,pkgconfig(libcrypto)
openssl-devel,pkgconfig(libssl)
openssl-devel,pkgconfig(openssl)
opus-devel,pkgconfig(opus)
orc-devel,pkgconfig(orc-0.4)
orc-devel,pkgconfig(orc-test-0.4)
p11-kit-devel,pkgconfig(p11-kit-1)
pacrunner-devel,pkgconfig(libproxy-1.0)
pam-devel,pkgconfig(pam)
pam-devel,pkgconfig(pam_misc)
pam-devel,pkgconfig(pamc)
pango-devel,pkgconfig(pango)
pango-devel,pkgconfig(pangocairo)
pango-devel,pkgconfig(pangofc)
pango-devel,pkgconfig(pangoft2)
pango-devel,pkgconfig(pangoot)
parted-devel,pkgconfig(libparted)
parted-devel,pkgconfig(libparted-fs-resize)
pcre-devel,pkgconfig(libpcre)
pcre-devel,pkgconfig(libpcre16)
pcre-devel,pkgconfig(libpcrecpp)
pcre-devel,pkgconfig(libpcreposix)
pcre2-devel,pkgconfig(libpcre2-16)
pcre2-devel,pkgconfig(libpcre2-32)
pcre2-devel,pkgconfig(libpcre2-8)
pcre2-devel,pkgconfig(libpcre2-posix)
pixman-devel,pkgconfig(pixman-1)
pkcs11-helper-devel,pkgconfig(libpkcs11-helper-1)
pm-utils-devel,pkgconfig(pm-utils)
polkit-devel,pkgconfig(polkit-agent-1)
polkit-devel,pkgconfig(polkit-gobject-1)
poppler-devel,pkgconfig(poppler)
poppler-devel,pkgconfig(poppler-cpp)
poppler-glib-devel,pkgconfig(poppler-glib)
poppler-qt5-devel,pkgconfig(poppler-qt5)
popt-devel,pkgconfig(popt)
procps-ng-devel,pkgconfig(libprocps)
profiled-devel,pkgconfig(profile)
protobuf-devel,pkgconfig(protobuf)
protobuf-devel,pkgconfig(utf8_range)
protobuf-lite-devel,pkgconfig(protobuf-lite)
pulseaudio-devel,pkgconfig(libpulse)
pulseaudio-devel,pkgconfig(libpulse-mainloop-glib)
pulseaudio-devel,pkgconfig(libpulse-simple)
pulseaudio-devel,pkgconfig(pulsecore)
pulseaudio-modules-nemo-devel,pkgconfig(libmeego-common)
python-devel,pkgconfig(python)
python-devel,pkgconfig(python-2.7)
python-devel,pkgconfig(python2)
python3-cairo-devel,pkgconfig(py3cairo)
python3-devel,pkgconfig(python-3.8)
python3-devel,pkgconfig(python-3.8-embed)
python3-devel,pkgconfig(python3)
python3-devel,pkgconfig(python3-embed)
python3-gobject-devel,pkgconfig(pygobject-3.0)
qmf-qt5-devel,pkgconfig(QmfClient)
qmf-qt5-devel,pkgconfig(QmfMessageServer)
qmllive-devel,pkgconfig(qmllive)
qt5-qt3d-devel,pkgconfig(Qt53D)
qt5-qt3d-devel,pkgconfig(Qt53DQuick)
qt5-qtconcurrent-devel,pkgconfig(Qt5Concurrent)
qt5-qtcore-devel,pkgconfig(Qt5Core)
qt5-qtdbus-devel,pkgconfig(Qt5DBus)
qt5-qtdeclarative-devel,pkgconfig(Qt5Qml)
qt5-qtdeclarative-qtquick-devel,pkgconfig(Qt5Quick)
qt5-qtdeclarative-qtquicktest-devel,pkgconfig(Qt5QuickTest)
qt5-qtdocgallery-devel,pkgconfig(Qt5DocGallery)
qt5-qtfeedback-devel,pkgconfig(Qt0Feedback)
qt5-qtfeedback-devel,pkgconfig(Qt5Feedback)
qt5-qtgui-devel,pkgconfig(Qt5Gui)
qt5-qtlocation-devel,pkgconfig(Qt5Location)
qt5-qtmultimedia-devel,pkgconfig(Qt5Multimedia)
qt5-qtnetwork-devel,pkgconfig(Qt5Network)
qt5-qtopengl-devel,pkgconfig(Qt5OpenGL)
qt5-qtopengl-devel,pkgconfig(Qt5OpenGLExtensions)
qt5-qtpim-contacts-devel,pkgconfig(Qt5Contacts)
qt5-qtpim-organizer-devel,pkgconfig(Qt5Organizer)
qt5-qtpim-versit-devel,pkgconfig(Qt5Versit)
qt5-qtpim-versitorganizer-devel,pkgconfig(Qt5VersitOrganizer)
qt5-qtpositioning-devel,pkgconfig(Qt5Positioning)
qt5-qtprintsupport-devel,pkgconfig(Qt5PrintSupport)
qt5-qtscript-devel,pkgconfig(Qt5Script)
qt5-qtscript-devel,pkgconfig(Qt5ScriptTools)
qt5-qtsensors-devel,pkgconfig(Qt5Sensors)
qt5-qtsql-devel,pkgconfig(Qt5Sql)
qt5-qtsvg-devel,pkgconfig(Qt5Svg)
qt5-qttest-devel,pkgconfig(Qt5Test)
qt5-qttools-qtdesigner-devel,pkgconfig(Qt5Designer)
qt5-qttools-qthelp-devel,pkgconfig(Qt5Help)
qt5-qttools-qtuitools-devel,pkgconfig(Qt5UiTools)
qt5-qtwayland-wayland_egl-devel,pkgconfig(Qt5Compositor)
qt5-qtwayland-wayland_egl-devel,pkgconfig(Qt5WaylandClient)
qt5-qtwebsockets-devel,pkgconfig(Qt5WebSockets)
qt5-qtwidgets-devel,pkgconfig(Qt5Widgets)
qt5-qtxml-devel,pkgconfig(Qt5Xml)
qt5-qtxmlpatterns-devel,pkgconfig(Qt5XmlPatterns)
qtcontacts-sqlite-qt5-extensions-devel,pkgconfig(qtcontacts-sqlite-qt5-extensions)
qtmozembed-qt5-devel,pkgconfig(qt5embedwidget)
quazip-devel,pkgconfig(quazip1-qt5)
readline-devel,pkgconfig(readline)
rpm-devel,pkgconfig(rpm)
rygel-devel,pkgconfig(rygel-core-2.8)
rygel-devel,pkgconfig(rygel-renderer-2.8)
rygel-devel,pkgconfig(rygel-renderer-gst-2.8)
rygel-devel,pkgconfig(rygel-ruih-2.8)
rygel-devel,pkgconfig(rygel-server-2.8)
sailfish-access-control-devel,pkgconfig(sailfishaccesscontrol)
sailfish-components-accounts-qt5-devel,pkgconfig(sailfishaccounts)
sailfish-components-webview-qt5-devel,pkgconfig(sailfishwebengine)
sailfish-device-encryption-devel,pkgconfig(sailfishdeviceencryption)
sailfish-devicelock-devel,pkgconfig(sailfishdevicelock)
sailfish-mdm-devel,pkgconfig(sailfishmdm)
sailfish-minui-devel,pkgconfig(sailfish-minui)
sailfish-policy-devel,pkgconfig(sailfishpolicy)
sailfishsilica-qt5-devel,pkgconfig(sailfishsilica)
sensorfw-qt5-devel,pkgconfig(sensord-qt5)
sensors-glib-devel,pkgconfig(sensors-glib)
shared-mime-info-devel,pkgconfig(shared-mime-info)
signon-plugin-oauth2-qt5-devel,pkgconfig(signon-oauth2plugin)
signon-qt5-devel,pkgconfig(SignOnExtension)
signon-qt5-devel,pkgconfig(signon-plugins)
signon-qt5-devel,pkgconfig(signon-plugins-common)
signon-qt5-devel,pkgconfig(signond)
sofia-sip-devel,pkgconfig(sofia-sip-ua)
sofia-sip-glib-devel,pkgconfig(sofia-sip-ua-glib)
speex-devel,pkgconfig(speex)
speexdsp-devel,pkgconfig(speexdsp)
sqlcipher-devel,pkgconfig(sqlcipher)
sqlite-devel,pkgconfig(sqlite3)
ssu-devel,pkgconfig(ssu)
ssu-sysinfo-devel,pkgconfig(ssu-sysinfo)
swi-prolog-devel,pkgconfig(swipl)
sysprof-devel,pkgconfig(sysprof-3)
sysprof-devel,pkgconfig(sysprof-capture-3)
systemd-devel,pkgconfig(libsystemd)
systemd-devel,pkgconfig(libudev)
systemd-devel,pkgconfig(systemd)
systemd-devel,pkgconfig(udev)
systemd-mini-devel,pkgconfig(libsystemd)
systemd-mini-devel,pkgconfig(libudev)
systemd-mini-devel,pkgconfig(systemd)
systemd-mini-devel,pkgconfig(udev)
taglib-devel,pkgconfig(taglib)
taglib-devel,pkgconfig(taglib_c)
telepathy-farstream-devel,pkgconfig(telepathy-farstream)
telepathy-glib-devel,pkgconfig(telepathy-glib)
telepathy-mission-control-devel,pkgconfig(mission-control-plugins)
telepathy-qt5-devel,pkgconfig(TelepathyQt5)
telepathy-qt5-devel,pkgconfig(TelepathyQt5Service)
telepathy-qt5-farstream-devel,pkgconfig(TelepathyQt5Farstream)
timed-qt5-devel,pkgconfig(timed-qt5)
timed-qt5-devel,pkgconfig(timed-voland-qt5)
totem-pl-parser-devel,pkgconfig(totem-plparser)
totem-pl-parser-devel,pkgconfig(totem-plparser-mini)
tracker-devel,pkgconfig(tracker-sparql-3.0)
tracker-devel,pkgconfig(tracker-testutils-3.0)
usb-moded-devel,pkgconfig(usb_moded)
user-managerd-devel,pkgconfig(sailfishusermanager)
vala-devel,pkgconfig(libvala-0.56)
vala-devel,pkgconfig(vapigen)
vala-devel,pkgconfig(vapigen-0.56)
valgrind-devel,pkgconfig(valgrind)
vault-devel,pkgconfig(vault)
voicecall-qt5-plugin-voicecall-filter-devel,pkgconfig(voicecall-filter)
vulkan-loader-devel,pkgconfig(vulkan)
wayland-devel,pkgconfig(wayland-client)
wayland-devel,pkgconfig(wayland-cursor)
wayland-devel,pkgconfig(wayland-scanner)
wayland-devel,pkgconfig(wayland-server)
wayland-egl-devel,pkgconfig(wayland-egl)
wayland-egl-devel,pkgconfig(wayland-egl-backend)
wayland-protocols-devel,pkgconfig(wayland-protocols)
xkeyboard-config-devel,pkgconfig(xkeyboard-config)
xulrunner-qt5-devel,pkgconfig(libxul)
xulrunner-qt5-devel,pkgconfig(libxul-embedding)
xulrunner-qt5-devel,pkgconfig(mozilla-js)
xulrunner-qt5-devel,pkgconfig(mozilla-plugin)
xz-devel,pkgconfig(liblzma)
yaml-cpp-devel,pkgconfig(yaml-cpp)
zlib-devel,pkgconfig(zlib)
zxing-cpp-devel,pkgconfig(zxing)
